<?xml version="1.0" encoding="UTF-8"?>
<!--
Created with Funkin Packer v0.1.3 https://neeeoo.github.io/funkin-packer/
-->
<TextureAtlas imagePath="texture.png" width="18" height="562">
	<SubTexture name="0" x="1" y="1" width="16" height="16" frameX="-0" frameY="-0" frameWidth="16" frameHeight="16"/>
	<SubTexture name="1" x="1" y="18" width="16" height="16" frameX="-0" frameY="-0" frameWidth="16" frameHeight="16"/>
	<SubTexture name="2" x="1" y="35" width="16" height="16" frameX="-0" frameY="-0" frameWidth="16" frameHeight="16"/>
	<SubTexture name="3" x="1" y="52" width="16" height="16" frameX="-0" frameY="-0" frameWidth="16" frameHeight="16"/>
	<SubTexture name="4" x="1" y="69" width="16" height="16" frameX="-0" frameY="-0" frameWidth="16" frameHeight="16"/>
	<SubTexture name="5" x="1" y="86" width="16" height="16" frameX="-0" frameY="-0" frameWidth="16" frameHeight="16"/>
	<SubTexture name="6" x="1" y="103" width="16" height="16" frameX="-0" frameY="-0" frameWidth="16" frameHeight="16"/>
	<SubTexture name="7" x="1" y="120" width="16" height="16" frameX="-0" frameY="-0" frameWidth="16" frameHeight="16"/>
	<SubTexture name="8" x="1" y="137" width="16" height="16" frameX="-0" frameY="-0" frameWidth="16" frameHeight="16"/>
	<SubTexture name="9" x="1" y="154" width="16" height="16" frameX="-0" frameY="-0" frameWidth="16" frameHeight="16"/>
	<SubTexture name="A" x="1" y="171" width="16" height="16" frameX="-0" frameY="-0" frameWidth="16" frameHeight="16"/>
	<SubTexture name="B" x="1" y="188" width="16" height="16" frameX="-0" frameY="-0" frameWidth="16" frameHeight="16"/>
	<SubTexture name="C" x="1" y="205" width="16" height="16" frameX="-0" frameY="-0" frameWidth="16" frameHeight="16"/>
	<SubTexture name="D" x="1" y="222" width="16" height="16" frameX="-0" frameY="-0" frameWidth="16" frameHeight="16"/>
	<SubTexture name="E" x="1" y="239" width="16" height="16" frameX="-0" frameY="-0" frameWidth="16" frameHeight="16"/>
	<SubTexture name="F" x="1" y="256" width="16" height="16" frameX="-0" frameY="-0" frameWidth="16" frameHeight="16"/>
	<SubTexture name="G" x="1" y="273" width="16" height="16" frameX="-0" frameY="-0" frameWidth="16" frameHeight="16"/>
	<SubTexture name="H" x="1" y="290" width="16" height="16" frameX="-0" frameY="-0" frameWidth="16" frameHeight="16"/>
	<SubTexture name="I" x="1" y="307" width="16" height="16" frameX="-0" frameY="-0" frameWidth="16" frameHeight="16"/>
	<SubTexture name="J" x="1" y="324" width="16" height="16" frameX="-0" frameY="-0" frameWidth="16" frameHeight="16"/>
	<SubTexture name="K" x="1" y="341" width="16" height="16" frameX="-0" frameY="-0" frameWidth="16" frameHeight="16"/>
	<SubTexture name="L" x="1" y="358" width="16" height="16" frameX="-0" frameY="-0" frameWidth="16" frameHeight="16"/>
	<SubTexture name="M" x="1" y="375" width="16" height="16" frameX="-0" frameY="-0" frameWidth="16" frameHeight="16"/>
	<SubTexture name="N" x="1" y="392" width="16" height="16" frameX="-0" frameY="-0" frameWidth="16" frameHeight="16"/>
	<SubTexture name="O" x="1" y="409" width="16" height="16" frameX="-0" frameY="-0" frameWidth="16" frameHeight="16"/>
	<SubTexture name="P" x="1" y="426" width="16" height="16" frameX="-0" frameY="-0" frameWidth="16" frameHeight="16"/>
	<SubTexture name="R" x="1" y="443" width="16" height="16" frameX="-0" frameY="-0" frameWidth="16" frameHeight="16"/>
	<SubTexture name="S" x="1" y="460" width="16" height="16" frameX="-0" frameY="-0" frameWidth="16" frameHeight="16"/>
	<SubTexture name="T" x="1" y="477" width="16" height="16" frameX="-0" frameY="-0" frameWidth="16" frameHeight="16"/>
	<SubTexture name="U" x="1" y="494" width="16" height="16" frameX="-0" frameY="-0" frameWidth="16" frameHeight="16"/>
	<SubTexture name="W" x="1" y="511" width="16" height="16" frameX="-0" frameY="-0" frameWidth="16" frameHeight="16"/>
	<SubTexture name="Y" x="1" y="528" width="16" height="16" frameX="-0" frameY="-0" frameWidth="16" frameHeight="16"/>
	<SubTexture name="Z" x="1" y="545" width="16" height="16" frameX="-0" frameY="-0" frameWidth="16" frameHeight="16"/>
</TextureAtlas>